title,NumberOfRate,Rate,grene,AgeRating,price,free,OfferedBy
The Walking Dead: Survivors,487483,4.5,Strategy,Mature 17+,0.0,True,Galaxy Play Technology Limited
Mad Skills Motocross 3,33363,4.4,Racing,Everyone,0.0,True,Turborilla
My Town Home Family Doll House,549032,4.2,Educational,Everyone,0.0,True,My Town Games Ltd
Isle of Genesis - Avalon,4251,3.0,Card,Teen,0.0,True,Wonderland Game
Soul Knight,1394514,4.5,Action,Everyone 10+,0.0,True,ChillyRoom
Draw a Stickman: EPIC 2,352385,4.0,Adventure,Everyone,0.0,True,Hitcents
Power Rangers: Legacy Wars,413346,4.1,Action,Teen,0.0,True,nWay Inc.
Stormfall: Saga of Survival,267514,4.2,Adventure,Teen,0.0,True,Plarium Global Ltd
Governor of Poker 3 - Texas,285371,4.4,Card,Teen,0.0,True,Youda Games Holding B.V.
MARVEL Future Fight,2913789,4.0,Role Playing,Teen,0.0,True,Netmarble
Toddler Puzzles for Kids - Baby Learning Games App,15034,4.6,Educational,Everyone,0.0,True,Bebi Family: preschool learning games for kids
Candy Crush Soda Saga,8260302,4.6,Casual,Everyone,0.0,True,King
Family Hotel: Renovation & love story¬†match-3 game,260616,4.7,Puzzle,Teen,0.0,True,PlayFlock
Ace Fishing: Wild Catch,1377557,4.4,Sports,Teen,0.0,True,Com2uS
Solitaire Grand Harvest,1040562,4.6,Card,Everyone,0.0,True,Supertreat - A Playtika Studio
Bubble Shooter Classic,29599,4.6,Puzzle,Everyone,0.0,True,Bubble Shooter @ MadOverGames
Alice's Resort - Word Puzzle Game,10872,4.7,Word,Everyone,0.0,True,WePlay Word Games
ÂüéÂ†°Áà≠Èú∏ - ËÅØÁõüÈú∏Ê•≠,276863,4.5,Strategy,Everyone 10+,0.0,True,ÂπªÊÉ≥Â®õÊ®ÇÁßëÊäÄ
VOEZ,108389,4.2,Music,Everyone,0.0,True,Rayark International Limited
CarX Highway Racing,890754,4.6,Racing,Everyone,0.0,True,"CarX Technologies, LLC"
Claw Stars,50659,4.6,Arcade,Everyone,0.0,True,Appxplore (iCandy)
Benji Bananas,1170629,4.4,Adventure,Everyone,0.0,True,Animoca Brands
Yalla Ludo - Ludo&Domino,384423,4.3,Board,Teen,0.0,True,Aviva Sun
Adventure Escape Mysteries,71108,4.4,Adventure,Teen,0.0,True,Haiku Games
Microsoft Solitaire Collection,193141,4.5,Card,Everyone,0.0,True,Microsoft Corporation
Wood Block Puzzle - Block Game,695430,4.5,Puzzle,Everyone,0.0,True,Beetles Games Studio
ŸÉŸÑŸÖÿßÿ™ ŸÉÿ±ÿßÿ¥ - ŸÑÿπÿ®ÿ© ÿ™ÿ≥ŸÑŸäÿ© Ÿàÿ™ÿ≠ÿØŸä ŸÖŸÜ ÿ≤Ÿäÿ™ŸàŸÜÿ©‚Äé,2630102,4.6,Word,Everyone,0.0,True,Zytoona
Legendary DXP: 007,102,3.7,Card,Everyone,0.0,True,The Upper Deck Company
CodyCross: Crossword Puzzles,1011775,4.4,Word,Everyone,0.0,True,"Fanatee, Inc."
WILD & Friends: Online Cards,23642,4.6,Card,Everyone,0.0,True,Mobilaxy: Online Card Games
Love Live!School idol festival,169373,4.3,Music,Everyone,0.0,True,KLab
Home Street‚ÄîDream House Design,455373,4.2,Simulation,Everyone,0.0,True,Supersolid
South Park: Phone Destroyer‚Ñ¢ - Battle Card Game,508226,4.5,Strategy,Teen,0.0,True,Ubisoft Entertainment
Rhythm Patrol,10900,3.9,Music,Everyone,0.0,True,Interactive Moolt DTv
Pianista,17292,3.8,Music,Everyone,0.0,True,PianistaCompany
Homerun Clash,94701,4.3,Sports,Everyone 10+,0.0,True,"HAEGIN Co., Ltd."
Monster Legends,3430865,4.5,Strategy,Everyone 10+,0.0,True,Socialpoint
Dream League Soccer 2021,4415564,4.4,Sports,Everyone,0.0,True,First Touch Games Ltd.
BanG Dream! Girls Band Party!,116553,4.6,Music,Everyone,0.0,True,Bushiroad International Pte Ltd_
Cashman Casino Las Vegas Slots,421446,4.4,Casino,Teen,0.0,True,Product Madness
Jungle Adventures 3,76147,4.6,Adventure,Everyone 10+,0.0,True,Rendered Ideas
Tap Tap Music-Pop Songs,140169,4.2,Music,Mature 17+,0.0,True,Tap Lab
QuizzLand. Quiz & Trivia game,793987,4.7,Trivia,Everyone,0.0,True,mnoGoApps | Quiz & Trivia Games
Harry Potter: Puzzles & Spells,668349,4.8,Puzzle,Everyone,0.0,True,Zynga
Gold and Goblins: Idle Merge,118618,4.0,Simulation,Everyone,0.0,True,AppQuantum
Monster High‚Ñ¢ Beauty Shop,451604,4.3,Role Playing,Everyone,0.0,True,Crazy Labs by TabTale
Jigsaw Puzzles Epic,369450,4.6,Puzzle,Everyone,0.0,True,Kristanix Games
WildCraft: Animal Sim Online 3D,822199,4.5,Simulation,Everyone 10+,0.0,True,Turbo Rocket Games
Ludo Star 2,648002,4.3,Board,Everyone,0.0,True,Gameberry Labs
Shapes and Colors games for kids and toddlers 2-4,166,3.9,Educational,Everyone,0.0,True,Amaya Kids - learning games for 3-5 years old LLC
Athletics Mania: Track & Field Summer Sports Game,37238,4.2,Sports,Everyone,0.0,True,"POWERPLAY MANAGER, s.r.o."
ÌîÑÎ†åÏ¶àÎßàÎ∏î,42167,3.3,Board,Everyone,0.0,True,Kakao Games Corp.
Chess Clash - Play Online,9954,4.4,Board,Everyone,0.0,True,Miniclip.com
Jackpot Party Casino Slots,964878,4.5,Casino,Teen,0.0,True,SciPlay
Transformers Rescue Bots: Hero Adventures,61163,3.8,Adventure,Everyone,0.0,True,Budge Studios
The Sims‚Ñ¢ FreePlay,1012440,4.1,Simulation,Teen,0.0,True,ELECTRONIC ARTS
Plants vs. Zombies‚Ñ¢ 2,657613,4.3,Casual,Everyone 10+,0.0,True,ELECTRONIC ARTS
Day R Survival ‚Äì Lone Survivor,621351,4.6,Role Playing,Teen,0.0,True,tltGames
Disney Magic Kingdoms,640290,4.2,Simulation,Everyone,0.0,True,Gameloft SE
Tap Color Lite:Color by Number,77616,4.7,Board,Everyone,0.0,True,Puzzle Saga Studio
Neopolis: Real Estate Competition Simulator,7672,3.8,Strategy,Everyone,0.0,True,Revolt Games Apps
Badminton League,552481,3.8,Sports,Everyone,0.0,True,RedFish Games
UNO!‚Ñ¢,1120500,4.5,Card,Everyone,0.0,True,Mattel163 Limited
Top Money üíµ Slots (PREMIUM),1426,4.4,Casino,Teen,0.99,False,Pure Casino Apps
KartRider Rush+,407006,3.8,Racing,Everyone,0.0,True,NEXON Company
L.O.L. Surprise Ball Pop,85282,4.0,Casual,Everyone,0.0,True,MGA Entertainment
Dinosaur games for kids and toddlers 2 4 years old,6573,4.1,Educational,Everyone,0.0,True,Amaya Kids - learning games for 3-5 years old LLC
Darkness Rises,1518696,4.4,Role Playing,Teen,0.0,True,NEXON Company
BunnyBuns,45550,4.6,Casual,Everyone,0.0,True,HyperBeard
Death Idle Tycoon Clicker Game,21097,4.5,Simulation,Everyone,0.0,True,Viva Games Studios
Trivia Crack Adventure,108597,4.4,Trivia,Everyone,0.0,True,etermax
Dan the Man: Action Platformer,1304039,4.6,Arcade,Teen,0.0,True,Halfbrick Studios
Brain Test 2: Tricky Stories,1046907,4.6,Trivia,Everyone 10+,0.0,True,Unico Studio
Fancy Pants Adventures,104921,4.5,Arcade,Everyone,0.0,True,Over the Top Games
Escape Bubble,29512,4.0,Adventure,Everyone,0.0,True,Match 3 Fun Games
Bubbu ‚Äì My Virtual Pet Cat,912715,4.4,Casual,Everyone,0.0,True,Bubadu
Detective Story: Investigation,89014,4.4,Adventure,Everyone,0.0,True,Azur Interactive Games Limited
Jewel Hunter - Match 3 Games,68640,4.7,Casual,Everyone,0.0,True,Jewel Hunter Games
Shadow Fight 2,14677930,4.7,Action,Everyone 10+,0.0,True,Nekki - Action and Fighting Games
Suspects: Mystery Mansion,593014,4.3,Action,Everyone 10+,0.0,True,Wildlife Studios
Jigsaw Puzzle Crown - Classic Jigsaw Puzzles,79847,4.6,Puzzle,Everyone,0.0,True,Jigsaw Puzzles Master
Wolf Tales - Online Wild Animal Sim,47630,4.2,Role Playing,Everyone 10+,0.0,True,Foxie Ventures
Sudoku.com - —Ålassic sudoku,1791237,4.6,Puzzle,Everyone,0.0,True,Easybrain
Backpacker‚Ñ¢,26344,4.3,Trivia,Everyone,0.0,True,Qiiwi Games AB
Sonic at the Olympic Games,45222,3.8,Sports,Everyone 10+,0.0,True,SEGA
Bubbu Restaurant - My Cat Game,94180,4.3,Casual,Everyone,0.0,True,Bubadu
European War 6: 1914 - WW1 SLG,27019,4.4,Strategy,Everyone 10+,0.0,True,EasyTech
Criminal Case,4295819,4.6,Adventure,Teen,0.0,True,Pretty Simple
Bloons Adventure Time TD,73517,4.3,Strategy,Everyone,0.0,True,ninja kiwi
Sprite Fantasia - MMORPG,22618,4.3,Role Playing,Teen,0.0,True,"X-Legend Entertainment Co., Ltd."
Word Lanes: Relaxing Puzzles,91335,4.5,Word,Everyone,0.0,True,"Fanatee, Inc."
Chess - Clash of Kings,251290,4.4,Board,Everyone,0.0,True,Chess & Checkers Games
Camp Defense,16599,4.4,Strategy,Teen,0.0,True,stereo7 games
Soccer Manager 2022,30445,4.1,Sports,Everyone,0.0,True,Soccer Manager Ltd
Jewels Legend - Match 3 Puzzle,510166,4.7,Arcade,Everyone,0.0,True,LinkDesks - Jewel Games Star
Merge Fables,43157,4.6,Puzzle,Everyone,0.0,True,MergeGames
Episode - Choose Your Story,3749241,4.3,Simulation,Teen,0.0,True,Episode Interactive
Angry Birds 2,5871394,4.3,Casual,Everyone,0.0,True,Rovio Entertainment Corporation
Subway Surfers,36668117,4.5,Arcade,Everyone 10+,0.0,True,SYBO Games
King of Thieves,1280360,4.3,Strategy,Everyone,0.0,True,ZeptoLab
Castle Cats - Idle Hero RPG,171118,4.7,Adventure,Everyone,0.0,True,PocApp Studios
Rise of Kingdoms: Lost Crusade,1808657,4.3,Strategy,Everyone 10+,0.0,True,LilithGames
Wheel of Fortune Words,7807,4.4,Word,Everyone,0.0,True,Sony Pictures Television
Pop Cat,112758,4.5,Casual,Everyone,0.0,True,LinkDesks - Jewel Games Star
Modern Age ‚Äì President Simulator,102831,3.9,Strategy,Everyone,0.0,True,Oxiwyle
Jackpot Master‚Ñ¢ Slots,35879,4.6,Casino,Teen,0.0,True,Jackpot Master Casino
Eternal Saga : Region Tactics,12506,4.2,Role Playing,Everyone,0.0,True,GAMEVIL
Talking Tom Jetski 2,369735,4.2,Casual,Everyone,0.0,True,Outfit7 Limited
Clash Royale,32300936,4.3,Strategy,Everyone 10+,0.0,True,Supercell
FarmVille 2: Tropic Escape,405681,4.2,Simulation,Everyone,0.0,True,Zynga
Car Driving School Simulator,310614,4.3,Racing,Everyone,0.0,True,BoomBit Games
AdVenture Capitalist: Idle Money Management,1603006,4.5,Simulation,Everyone,0.0,True,Hyper Hippo
US Conflict ‚Äî Tank Battles,29005,4.3,Strategy,Everyone 10+,0.0,True,4Flash
Meow Meow Star Acres,136134,4.5,Educational,Everyone,0.0,True,"COLOPL, Inc."
Pok√©mon Quest,175963,4.2,Role Playing,Everyone,0.0,True,The Pokemon Company
Idle Supermarket TycoonÔºçShop,557432,4.3,Simulation,Everyone,0.0,True,Codigames
Clumsy Ninja,1286922,4.3,Adventure,Everyone,0.0,True,NaturalMotionGames Ltd
Draw Something Classic,1128648,4.2,Word,Everyone,0.0,True,Zynga
Score! Match - PvP Soccer,900020,4.2,Sports,Everyone,0.0,True,First Touch Games Ltd.
Flight Pilot Simulator 3D,2686496,4.3,Role Playing,Everyone,0.0,True,Fun Games For Free
Beat Roller - Music Ball Race,67198,4.4,Music,Everyone,0.0,True,AMANOTES PTE LTD
Yu-Gi-Oh! Duel Links,2158573,4.5,Card,Teen,0.0,True,KONAMI
Girls X Battle 2,241163,4.4,Role Playing,Teen,0.0,True,Carolgames
Sniper Zombies: Offline Games,93407,4.5,Action,Mature 17+,0.0,True,VNG GAME STUDIOS
Legends of Runeterra,526436,4.6,Card,Teen,0.0,True,"Riot Games, Inc"
Daily Themed Crossword - A Fun Crossword Game,96326,4.6,Word,Everyone,0.0,True,PlaySimple Games
Cut the Rope 2,2312203,4.3,Puzzle,Everyone,0.0,True,ZeptoLab
Words of Wonders: Guru,38617,4.7,Word,Everyone,0.0,True,Fugo Games
Educational games for kids & toddlers 3 years old,1234,3.8,Educational,Everyone,0.0,True,Amaya Kids - learning games for 3-5 years old LLC
Swordigo,744464,4.6,Adventure,Everyone,0.0,True,Touch Foo
Psych! Outwit your friends,61850,4.2,Word,Teen,0.0,True,Warner Bros. International Enterprises
ZOMBIE HUNTER: Offline Games,101392,4.4,Action,Teen,0.0,True,VNG GAME STUDIOS
Strawberry Shortcake Food Fair,59328,3.9,Casual,Everyone,0.0,True,Budge Studios
SNK Allstar,16462,4.1,Card,Teen,0.0,True,"Superprism Technology Co., Ltd"
Jungle Marble Blast,200388,4.5,Casual,Everyone,0.0,True,coolstudios
Bermuda Adventures Island Farm,67749,4.6,Adventure,Teen,0.0,True,BELKA GAMES
SimCity BuildIt,5268024,4.3,Simulation,Everyone 10+,0.0,True,ELECTRONIC ARTS
MARVEL Puzzle Quest: Hero RPG,356468,4.2,Role Playing,Everyone 10+,0.0,True,D3 Go!
Mahjong Treasure Quest,314955,4.5,Puzzle,Everyone,0.0,True,VIZOR APPS LTD.
Mahjong Jigsaw Puzzle Game,440583,4.9,Board,Everyone,0.0,True,"Jam City, Inc."
Asphalt 8 - Car Racing Game,9867636,4.5,Racing,Everyone 10+,0.0,True,Gameloft SE
Jurassic World Alive,564835,4.3,Adventure,Teen,0.0,True,Ludia Inc.
Scrabble¬Æ GO-Classic Word Game,390309,4.0,Word,Everyone,0.0,True,Scopely
Potion Punch 2: Magic Restaurant Cooking Games,45826,4.6,Arcade,Everyone,0.0,True,Monstronauts Inc.
FarmVille 3 - Animals,45916,4.3,Simulation,Everyone,0.0,True,Zynga
Tap Titans 2: Clicker RPG Game,935205,4.6,Role Playing,Everyone,0.0,True,Game Hive Corporation
Bingo Aloha - Live Bingo Games,71445,4.9,Board,Teen,0.0,True,Century Games Pte. Ltd.
Car Mechanic Simulator 21: repair & tune cars,549667,4.5,Simulation,Everyone,0.0,True,Digital Melody Games
Central Hospital Stories,63726,3.8,Educational,Everyone,0.0,True,PlayToddlers
Real Football,941089,3.8,Sports,Everyone 10+,0.0,True,Gameloft SE
Pirate Treasures - Gems Puzzle,901052,4.7,Puzzle,Everyone,0.0,True,TAPCLAP
Duddu - My Virtual Pet Dog,254327,4.4,Casual,Everyone,0.0,True,Bubadu
Shadow Fight 3 - RPG fighting,3368664,4.3,Role Playing,Everyone 10+,0.0,True,Nekki - Action and Fighting Games
Fishing Championship,32303,4.3,Sports,Everyone,0.0,True,mobirix
Candy Puzzlejoy - Match 3 Game,21730,4.6,Casual,Everyone,0.0,True,Bigcool Games
Godzilla Defense Force,87505,4.6,Strategy,Everyone 10+,0.0,True,NEXON Company
Warhammer Combat Cards - 40K Edition,37956,4.2,Card,Everyone 10+,0.0,True,Flaregames
Beat Blade: Dash Dance,329494,4.2,Music,Teen,0.0,True,BattleCry HQ Studio
Annelids: Online battle,408540,4.3,Action,Teen,0.0,True,Michal Srb
Merge Dragons!,1207051,4.5,Puzzle,Everyone,0.0,True,Gram Games Limited
Piano Music Go-EDM Piano Games,409445,4.2,Music,Everyone,0.0,True,Joy Journey Music Games
ABC ‚Äì Phonics and Tracing from Dave and Ava,6164,3.8,Educational,Everyone,0.0,True,Dave & Ava
Merge Magic!,192225,4.3,Puzzle,Everyone,0.0,True,Gram Games Limited
Hay Day,12437345,4.3,Casual,Everyone,0.0,True,Supercell
Banana Kong,4616601,4.6,Action,Everyone,0.0,True,FDG Entertainment GmbH & Co.KG
Gin Rummy Stars - Card Game,84941,4.7,Card,Teen,0.0,True,Beach Bum Ltd.
Crazy Diner: Cooking Game,153156,4.7,Strategy,Everyone,0.0,True,Smart Fun Casual Games
My Arcade Empire - Idle Tycoon,371,4.3,Casual,Everyone,0.0,True,"Concrete Software, Inc."
Tiny Rails,107250,4.3,Simulation,Everyone,0.0,True,Tiny Titan Studios
Mini Golf 3D City Stars Arcade - Multiplayer Rival,170055,4.3,Sports,Everyone,0.0,True,Mobile Sports Time
Penny & Flo: Finding Home,239354,4.6,Puzzle,Everyone,0.0,True,Tactile Games
Lost Lands 1 (free to play),84158,4.7,Adventure,Everyone,0.0,True,FIVE-BN GAMES
Tower Conquest: Tower Defense Strategy Games,150680,4.2,Strategy,Everyone 10+,0.0,True,Titan Mobile LLC
Manor Cafe,1242438,4.6,Puzzle,Everyone,0.0,True,GAMEGOS
Fleet Battle - Sea Battle,167279,4.4,Board,Everyone,0.0,True,smuttlewerk interactive
Pou,11658543,4.3,Casual,Everyone,0.0,True,Zakeh Ltd
Word Pizza - Word Games,112540,4.7,Word,Everyone,0.0,True,OpenMyGame
WSOP - Poker Games Online,1474067,4.3,Card,Teen,0.0,True,Playtika
Magic Tiles 3,2668942,4.1,Music,Everyone,0.0,True,AMANOTES PTE LTD
Crusaders Quest,518447,4.5,Role Playing,Everyone 10+,0.0,True,NHN Corp.
Pocket Plants - Idle Garden  Grow Plant Games,36068,4.5,Simulation,Everyone,0.0,True,Shikudo - Walking and Focus Games
Catapult Quest,85088,4.2,Arcade,Everyone,0.0,True,mobirix
CSR Classics,902112,4.6,Racing,Everyone,0.0,True,NaturalMotionGames Ltd
Shop Titans: Epic Idle Crafter  Build & Trade RPG,158993,4.3,Simulation,Teen,0.0,True,"Kabam Games, Inc."
Rise of Cultures,19841,4.5,Strategy,Everyone 10+,0.0,True,InnoGames GmbH
Agar.io,4131752,3.9,Action,Everyone,0.0,True,Miniclip.com
Cash Frenzy‚Ñ¢ - Casino Slots,885562,4.6,Casino,Teen,0.0,True,SpinX Games Limited
Shadow Fight Arena ‚Äì Ninja PvP,646543,4.5,Role Playing,Teen,0.0,True,Nekki - Action and Fighting Games
Barbie Dreamhouse Adventures,899535,4.2,Simulation,Everyone,0.0,True,Budge Studios
KonoSuba: Fantastic Days,212553,4.3,Role Playing,Teen,0.0,True,NEXON Company
Warhammer: Chaos & Conquest,32023,4.1,Strategy,Teen,0.0,True,Tilting Point
Into the Dead 2: Zombie Survival,493247,4.6,Action,Mature 17+,0.0,True,PIKPOK
Candy Crush Friends Saga,1748469,4.7,Casual,Everyone,0.0,True,King
KleptoCats 2,57291,4.5,Casual,Everyone,0.0,True,HyperBeard
8 Ball Pool,22639465,4.5,Sports,Everyone,0.0,True,Miniclip.com
Cricket League,56547,4.3,Sports,Everyone,0.0,True,Miniclip.com
eFootball PES 2021,7574857,4.2,Sports,Everyone,0.0,True,KONAMI
Card Thief,23646,4.1,Card,Everyone,0.0,True,Arnold Rauers
Asphalt Nitro,1678971,4.3,Racing,Everyone,0.0,True,Gameloft SE
Hello Kitty Nail Salon,656719,3.9,Casual,Everyone,0.0,True,Budge Studios
War Robots Multiplayer Battles,4343437,4.1,Action,Everyone 10+,0.0,True,PIXONIC
Time Princess,467393,4.6,Role Playing,Everyone,0.0,True,IGG.COM
Kim Kardashian: Hollywood,1100882,4.3,Adventure,Teen,0.0,True,Glu
Beach Buggy Racing,2294917,4.5,Racing,Everyone,0.0,True,Vector Unit
Mystery Match Village,6710,4.7,Puzzle,Teen,0.0,True,Outplay Entertainment Ltd
Dragon Village M,55581,4.1,Role Playing,Everyone,0.0,True,highbrow
Deep Town: Mining Idle Tycoon,415289,4.5,Strategy,Everyone,0.0,True,Rockbite Games
GWENT: The Witcher Card Game,356051,4.6,Card,Teen,0.0,True,CD PROJEKT S.A.
CSR Racing 2 - Car Racing Game,4577703,4.6,Racing,Teen,0.0,True,NaturalMotionGames Ltd
Diggy's Adventure: Maze Puzzle,504644,4.4,Adventure,Everyone,0.0,True,Pixel Federation Games
Golf Battle,738106,4.2,Sports,Everyone,0.0,True,Miniclip.com
Megapolis: city building simulator. Urban strategy,1470191,4.4,Strategy,Everyone,0.0,True,Social Quantum Ltd
World Flipper,36919,4.5,Action,Everyone 10+,0.0,True,Kakao Games Corp.
Project Makeover,449052,4.2,Casual,Everyone,0.0,True,"Magic Tavern, Inc."
Bold Moves Match 3,43830,4.3,Word,Everyone,0.0,True,Red Games Co.
Bike RaceÔºöMotorcycle Games,3008046,4.6,Racing,Everyone,0.0,True,Top Free Games.
Monsters & Puzzles: God Battle,13603,4.4,Role Playing,Everyone,0.0,True,Indiez Global Pte. Ltd.
Hollywood Story: Fashion Star,368715,4.4,Adventure,Teen,0.0,True,Nanobit.com
Lovelink‚Ñ¢- Chapters of Love,51856,4.0,Role Playing,Mature 17+,0.0,True,Ludia Inc.
Bubble Witch 3 Saga,2555868,4.6,Puzzle,Everyone,0.0,True,King
Grow Castle - Tower Defense,424289,4.4,Arcade,Teen,0.0,True,RAON GAMES
Avakin Life - 3D Virtual World,3217434,4.2,Role Playing,Teen,0.0,True,Lockwood Publishing Ltd
My Talking Tom,17061127,4.5,Casual,Everyone,0.0,True,Outfit7 Limited
Gangstar Vegas: World of Crime,6426903,4.3,Action,Mature 17+,0.0,True,Gameloft SE
Math Games  Learn Add  Subtract  Multiply & Divide,227667,4.5,Educational,Everyone,0.0,True,GunjanApps Studios
GT Racing 2: real car game,1778246,4.4,Racing,Everyone,0.0,True,Gameloft SE
Last Day on Earth: Survival,4293507,4.4,Action,Teen,0.0,True,Kefir!
Ludo Talent - Game & Chatroom,229738,4.0,Board,Everyone,0.0,True,Indigo Technology Pte. Ltd.
Open House,29024,4.6,Puzzle,Everyone,0.0,True,Integra Games Global OU
Soccer Star 2021 Top Leagues: Play the SOCCER game,969430,4.4,Sports,Teen,0.0,True,Viva Games Studios
Mystery Manor: hidden objects,557800,4.5,Adventure,Everyone,0.0,True,Game Insight
Slugterra: Slug it Out 2,577334,4.6,Puzzle,Everyone 10+,0.0,True,Epic Story Interactive
My Hero Academia: The Strongest Hero Anime RPG,121908,4.3,Action,Teen,0.0,True,Sony Pictures Television
My Restaurant Cooking Home,89360,4.7,Arcade,Everyone,0.0,True,Techvision Game
Hungry Shark Evolution,7307306,4.5,Arcade,Teen,0.0,True,Ubisoft Entertainment
Sky: Children of the Light,634838,4.6,Role Playing,Everyone 10+,0.0,True,thatgamecompany inc
eFootball‚Ñ¢¬† CHAMPION SQUADS,63887,4.3,Sports,Everyone,0.0,True,KONAMI
Phase 10: World Tour,153062,4.5,Card,Everyone,0.0,True,Mattel163 Limited
MIR4,73927,3.4,Role Playing,Teen,0.0,True,"Wemade Co., Ltd"
ONE PIECE TREASURE CRUISE,711803,4.6,Role Playing,Teen,0.0,True,BANDAI NAMCO Entertainment Inc.
Clash of Clans,57116441,4.6,Strategy,Everyone 10+,0.0,True,Supercell
Fun Run 3 - Multiplayer Games,268018,4.4,Racing,Everyone 10+,0.0,True,Dirtybit
BlitZ: Rise of Heroes,4356,4.5,Role Playing,Teen,0.0,True,WhaleApp LTD
Wordscapes Search,130371,4.8,Word,Everyone,0.0,True,PeopleFun
Pixel Gun 3D - Battle Royale,5734539,4.2,Action,Teen,0.0,True,Pixel Gun 3D
Epic Seven,368484,4.5,Role Playing,Teen,0.0,True,Smilegate Megaport
Truck Simulator : Ultimate,364064,4.4,Simulation,Everyone,0.0,True,Zuuks Games
Love Nikki-Dress UP Queen,445806,4.1,Role Playing,Teen,0.0,True,Elex
MY LITTLE PONY: Magic Princess,1442343,4.3,Casual,Everyone,0.0,True,Gameloft SE
Basketball Stars: Multiplayer,1300014,4.6,Sports,Everyone,0.0,True,Miniclip.com
Bowling Crew ‚Äî 3D bowling game,276304,4.5,Sports,Everyone,0.0,True,Wargaming Group
Millionaire Trivia: TV Game,223744,4.4,Trivia,Everyone,0.0,True,Sony Pictures Television
Dragon Raja,188983,4.5,Role Playing,Teen,0.0,True,Archosaur Games
Old School RuneScape,99532,4.4,Adventure,Teen,0.0,True,Jagex Games Studio
PK XD - Play with your Friends,3208332,4.4,Adventure,Everyone 10+,0.0,True,Afterverse
Guardians of Cloudia,89744,4.1,Role Playing,Everyone 10+,0.0,True,NEOCRAFT LIMITED
Zombie War Idle Defense Game,27963,4.4,Arcade,Everyone 10+,0.0,True,OneSoft Global PTE. LTD.
Traffic Rider,7759344,4.3,Racing,Everyone,0.0,True,Soner Kara
Drift Max Pro - Drift Racing,1561354,4.6,Racing,Everyone,0.0,True,Tiramisu
PAW Patrol Rescue World,31518,4.0,Casual,Everyone,0.0,True,Budge Studios
Bed Wars,940334,4.2,Action,Teen,0.0,True,Blockman GO Studio
Knives Out-No rules  just fight!,540488,3.8,Adventure,Teen,0.0,True,NetEase Games
Chess - Play and Learn,793680,4.6,Board,Everyone,0.0,True,Chess.com
Grim Soul: Dark Survival RPG,526811,4.2,Role Playing,Teen,0.0,True,Kefir!
Beatstar - Touch Your Music,310436,4.6,Music,Teen,0.0,True,Space Ape
FIFA Soccer,7952952,4.3,Sports,Everyone,0.0,True,ELECTRONIC ARTS
Zombie Catchers ‚Äì love to hunt,1903219,4.4,Action,Everyone,0.0,True,Deca Games
The New York Times Crossword,7055,4.4,Word,Everyone,0.0,True,The New York Times Company
Gems of War - Match 3 RPG,131554,4.5,Puzzle,Everyone 10+,0.0,True,505 Games Srl
Fishdom,5117923,4.3,Puzzle,Everyone,0.0,True,Playrix
Slotomania‚Ñ¢ Casino Slots Games,1912799,4.4,Casino,Teen,0.0,True,Playtika
Rebel Racing,546593,4.5,Racing,Everyone,0.0,True,Hutch Games
Beat Fire - Edm Gun Music Game,314153,4.3,Music,Everyone,0.0,True,Adaric Music
Will Hero,480045,4.2,Arcade,Everyone 10+,0.0,True,ZPLAY Games
Ludo All Star - Play Online Ludo Game & Board Game,159440,4.4,Board,Everyone,0.0,True,Yoozoo Global
Clash of Warpath: Wild Rift - Hero LoL Mobile,33121,4.6,Strategy,Teen,0.0,True,TAG GAME STUDIO
Drag Racing: Streets,230372,4.5,Racing,Everyone,0.0,True,Square
Yalla Parchis,17866,3.8,Board,Teen,0.0,True,Yalla Technology FZ-LLC
Car Eats Car 3 Hill Climb Race,85647,4.5,Racing,Everyone,0.0,True,SMOKOKO LTD
Word Crush - Fun Word Puzzle Game,183657,4.6,Word,Everyone,0.0,True,TangramGames
Bird Bed & Breakfast,1235,3.9,Trivia,Everyone,0.0,True,Runaway
Hidden Hotel: Miami Mystery,403446,4.3,Adventure,Everyone,0.0,True,Tilting Point
My Home Design - Modern City,372510,4.6,Puzzle,Everyone,0.0,True,CookApps
Marvel Contest of Champions,3144805,4.2,Action,Teen,0.0,True,"Kabam Games, Inc."
Sesame Street Alphabet Kitchen,10031,4.0,Educational,Everyone,0.0,True,Sesame Workshop
Hotel Transylvania Adventures,231540,4.4,Adventure,Teen,0.0,True,Crazy Labs by TabTale
MLB Tap Sports Baseball 2021,26604,4.5,Sports,Everyone,0.0,True,Glu
Ludo King‚Ñ¢,8186807,4.2,Board,Everyone,0.0,True,Gametion
Solitaire 3D Fish,154266,4.6,Card,Everyone,0.0,True,Polar Bear Studio
Jigsaw Puzzles - puzzle games,1208396,4.5,Puzzle,Everyone,0.0,True,Easybrain
Eternium,2431491,4.8,Role Playing,Teen,0.0,True,Making Fun
Egg  Inc.,1148310,4.6,Simulation,Everyone,0.0,True,Auxbrain Inc
My Talking Tom 2,4089779,4.2,Casual,Everyone,0.0,True,Outfit7 Limited
Mahjong Epic,394412,4.6,Board,Everyone,0.0,True,Kristanix Games
Mobile Legends: Adventure,748711,4.6,Role Playing,Teen,0.0,True,Moonton
Bingo Blitz‚Ñ¢Ô∏è - Bingo Games,874737,4.6,Board,Teen,0.0,True,Playtika Santa Monica
Word Cookies! ¬Æ,2258777,4.5,Word,Everyone,0.0,True,BitMango
Three Kingdoms: Art of War,12097,4.4,Card,Everyone 10+,0.0,True,ZBJoy Games
Bubble Shooter,187161,4.8,Casual,Everyone,0.0,True,LinkDesks - Jewel Games Star
Huuuge Casino Slots Vegas 777,775367,4.3,Casino,Teen,0.0,True,Huuuge Games - Play Together
Space shooter - Galaxy attack,815552,4.8,Arcade,Everyone,0.0,True,OneSoft Global PTE. LTD.
Jeopardy!¬Æ Trivia TV Game Show,155141,4.4,Trivia,Everyone,0.0,True,Sony Pictures Television
Soccer Stars,2292267,4.2,Sports,Everyone,0.0,True,Miniclip.com
Numbers - 123 games for kids,12620,4.4,Educational,Everyone,0.0,True,Bimi Boo Kids Learning Games
House of Fun‚Ñ¢ - Casino Slots,1487658,4.5,Casino,Teen,0.0,True,Playtika UK ‚Äì House of Fun Limited
F1 Clash,620809,4.1,Racing,Everyone,0.0,True,Hutch Games
Animal Restaurant,468853,4.7,Simulation,Everyone,0.0,True,DH-Publisher
Zoo 2: Animal Park,228734,4.3,Adventure,Everyone,0.0,True,upjers GmbH
Alien Creeps - Tower Defense,861708,4.4,Strategy,Teen,0.0,True,Outplay Entertainment Ltd
Pok√©mon UNITE,589757,4.1,Action,Everyone 10+,0.0,True,The Pokemon Company
Paper.io 3D,217469,3.9,Arcade,Everyone,0.0,True,VOODOO
Stick Fight: The Game Mobile,177108,3.9,Action,Everyone 10+,0.0,True,NetEase Games
Cooking Craze: Restaurant Game,397448,4.4,Arcade,Everyone,0.0,True,Big Fish Games
Early Worm,296,4.4,Adventure,Everyone,0.0,True,Oddrok
Legend of the Phoenix,105321,4.4,Role Playing,Everyone 10+,0.0,True,Modo Global
Roblox,25426201,4.3,Adventure,Everyone 10+,0.0,True,Roblox Corporation
Durak Online by Pokerist,19421,4.1,Card,Teen,0.0,True,KamaGames
GETCHA GHOST-The Haunted House,177619,4.5,Adventure,Everyone 10+,0.0,True,DAERISOFT
Warhammer 40 000: Lost Crusade,67565,4.6,Strategy,Teen,0.0,True,Nuverse
Magic Rampage,447181,4.5,Role Playing,Teen,0.0,True,Asantee
A3: Still Alive,79158,4.0,Role Playing,Teen,0.0,True,Netmarble
Rapala Fishing - Daily Catch,85652,4.4,Sports,Everyone,0.0,True,"Concrete Software, Inc."
Kawaii Kitchen,208970,4.8,Arcade,Everyone,0.0,True,Platonic Games
Torque Drift,69946,4.5,Racing,Everyone,0.0,True,Grease Monkey Games Pty Ltd
Traffic Puzzle - Match 3 Game,177510,4.7,Puzzle,Everyone,0.0,True,Huuuge Games - Play Together
Wheel of Fortune: TV Game,394917,4.4,Word,Everyone 10+,0.0,True,Scopely
Toddler games for 2+ year olds,40287,4.2,Educational,Everyone,0.0,True,Bimi Boo Kids Learning Games
Guardian Tales,448583,4.6,Role Playing,Everyone 10+,0.0,True,Kakao Games Corp.
My talking Booba. Your virtual pet tamagochi,19305,3.9,Simulation,Everyone,0.0,True,BoobaGames
Pok√©mon Caf√© ReMix,134246,4.5,Puzzle,Everyone,0.0,True,The Pokemon Company
Thomas & Friends: Magical Tracks,70316,4.1,Adventure,Everyone,0.0,True,Budge Studios
Sonic Dash 2: Sonic Boom,681916,4.2,Arcade,Everyone,0.0,True,SEGA
Drive Ahead! - Fun Car Battles,1519282,4.3,Racing,Everyone,0.0,True,Dodreams Ltd.
Complete Music Reading Trainer,5965,4.5,Music,Everyone,0.0,True,Binary Guilt Software
Good Pizza  Great Pizza,1017331,4.5,Casual,Everyone,0.0,True,TapBlaze
Nitro Jump Racing,9442,4.5,Racing,Everyone,0.0,True,Miniclip.com
Epic Band Clicker - Rock Star Music Game,9400,4.0,Music,Everyone,0.0,True,Tapps Games
Hidden Journey: Objects Puzzle,25151,4.4,Adventure,Everyone,0.0,True,Azur Interactive Games Limited
Sniper 3DÔºöGun Shooting Games,15027363,4.4,Action,Mature 17+,0.0,True,Fun Games For Free
Hill Climb Racing,10382726,4.6,Racing,Everyone,0.0,True,Fingersoft
Redecor - Home Design Game,192033,4.4,Simulation,Everyone,0.0,True,Reworks Ltd
Mini Football - Mobile Soccer,403644,4.1,Sports,Everyone,0.0,True,Miniclip.com
Where's My Water? 2,2176240,4.2,Puzzle,Everyone,0.0,True,Kongregate
Cash  Inc. Money Clicker Game & Business Adventure,1298530,4.7,Simulation,Teen,0.0,True,Lion Studios
Pixie the Pony - Virtual Pet,48968,4.0,Casual,Everyone,0.0,True,Bubadu
Clash of Wizards,40775,4.2,Card,Teen,0.0,True,Play365
The Elder Scrolls: Blades,112447,4.1,Role Playing,Teen,0.0,True,Bethesda Softworks LLC
Cut the Rope,2600825,4.5,Puzzle,Everyone,0.0,True,ZeptoLab
Sonic The Hedgehog 2 Classic,209739,4.4,Arcade,Everyone,0.0,True,SEGA
Looney Tunes‚Ñ¢ World of Mayhem,309958,4.2,Role Playing,Everyone 10+,0.0,True,Scopely
Flip Diving,903689,4.4,Sports,Everyone 10+,0.0,True,MotionVolt Games Ltd
Lightning Link Casino Slots,111553,4.2,Casino,Teen,0.0,True,Product Madness
Cell to Singularity: Evolution,232915,4.4,Simulation,Everyone 10+,0.0,True,ComputerLunch
My Virtual Pet Shop Care Games,426469,4.5,Strategy,Everyone,0.0,True,Tapps Games
Cat Simulator : animal life kitty pet,69702,4.4,Simulation,Everyone 10+,0.0,True,Avelog
Rush Royale - Tower Defense TD,196613,4.3,Strategy,Everyone,0.0,True,My.com B.V.
Car Parking Multiplayer,1264216,4.4,Simulation,Everyone,0.0,True,olzhass
NBA SuperCard Basketball Game,8170,4.3,Sports,Everyone,0.0,True,"2K, Inc."
Earn to Die 2,1816577,4.4,Racing,Teen,0.0,True,Not Doppler
My Cooking: Chef Fever Games,153959,4.6,Arcade,Everyone,0.0,True,gameone
Hearthstone,1813813,3.7,Card,Teen,0.0,True,"Blizzard Entertainment, Inc."
Fruit Diary - Match 3 Games,42140,4.8,Casual,Everyone,0.0,True,Bigcool Games
NBA LIVE Mobile Basketball,2428192,4.3,Sports,Everyone,0.0,True,ELECTRONIC ARTS
Solitaire Cruise: Card Games,153335,4.4,Card,Everyone,0.0,True,BELKA GAMES
Bid Wars 2: Auction & Business,1108764,4.3,Strategy,Everyone,0.0,True,Tapps Games
Learn to Read! ABC Letters  Phonics Games for Kids,28584,4.1,Educational,Everyone,0.0,True,Bini Bambini
Colorscapes - Color by Number  Coloring Games,275185,4.6,Board,Everyone,0.0,True,Fuero Games Sp. z o.o.
Obey Me! Anime Otome Sim Game,129246,4.7,Role Playing,Teen,0.0,True,NTT Solmare Corp.
Lords Mobile: Tower Defense,7133540,4.3,Strategy,Everyone 10+,0.0,True,IGG.COM
Pok√©mon GO,14933815,4.2,Adventure,Everyone,0.0,True,"Niantic, Inc."
Lightseekers,8197,4.0,Card,Everyone,0.0,True,PlayFusion
Mining Inc.,48092,4.1,Strategy,Everyone,0.0,True,Green Panda Games
Stick War: Legacy,2203763,4.6,Strategy,Teen,0.0,True,Max Games Studios
Standoff 2,5805414,4.6,Action,Mature 17+,0.0,True,AXLEBOLT LTD
Ludo Master - Fun Dice Game,338,1.0,Board,Everyone,0.0,True,heart Interactive Technology
YAHTZEE¬Æ With Buddies Dice Game,213592,4.2,Board,Everyone,0.0,True,Scopely
Lord of Heroes,173730,4.4,Role Playing,Teen,0.0,True,CloverGames
My Talking Angela,13377257,3.9,Casual,Everyone,0.0,True,Outfit7 Limited
Queen: Rock Tour - The Official Rhythm Game,28578,4.6,Music,Teen,0.0,True,"Universal Music Group Recordings, Inc."
Mahjong GlobalCup (Offline+Online),234,4.1,Card,Teen,0.0,True,ChiaChu Games
Addition and Subtraction Games,2299,4.2,Educational,Everyone,0.0,True,IDZ Digital Private Limited
Epic Conquest,290149,4.6,Role Playing,Everyone 10+,0.0,True,Gaco Games
Art of War 3:RTS strategy game,334565,4.5,Strategy,Teen,0.0,True,Gear Games
Port City: Ship Transit Tycoon,30410,4.4,Strategy,Everyone,0.0,True,Pixel Federation Games
Crossy Road,4485999,4.5,Action,Everyone,0.0,True,HIPSTER WHALE
Top Football Manager 2021,391489,4.5,Sports,Everyone,0.0,True,Gamegou Limited
World Cricket Championship 3,216512,4.4,Sports,Everyone,0.0,True,Nextwave Multimedia
Touchgrind BMX 2,200747,4.4,Sports,Everyone,0.0,True,Illusion Labs
Vampire's Fall: Origins RPG,456825,4.5,Role Playing,Teen,0.0,True,Early Morning Studio
Happy Color¬Æ ‚Äì Color by Number,2732376,4.6,Board,Everyone,0.0,True,X-Flow
Top Speed: Drag & Fast Racing,861607,4.5,Racing,Everyone 10+,0.0,True,T-Bull
CarX Drift Racing,1112734,4.4,Racing,Everyone,0.0,True,"CarX Technologies, LLC"
Grow Empire: Rome,3790250,4.5,Strategy,Everyone 10+,0.0,True,Games Station Studio
Deemo,555318,4.8,Music,Everyone,0.0,True,Rayark International Limited
EMERGENCY HQ - firefighter rescue strategy game,262845,4.5,Strategy,Everyone 10+,0.0,True,Promotion Software GmbH
Matchington Mansion,2073799,4.4,Puzzle,Teen,0.0,True,"Magic Tavern, Inc."
Ice Age Adventures,1436979,4.3,Adventure,Everyone,0.0,True,Gameloft SE
Ninja Turtles: Legends,516230,4.5,Role Playing,Teen,0.0,True,Ludia Inc.
Worms Zone .io - Hungry Snake,2385480,4.3,Action,Everyone,0.0,True,CASUAL AZUR GAMES
Make More! ‚Äì Idle Manager,675840,4.5,Simulation,Everyone 10+,0.0,True,Bad Crane
Shadowverse CCG,74124,4.1,Card,Teen,0.0,True,"Cygames, Inc."
June's Journey: Hidden Objects,956620,4.3,Adventure,Teen,0.0,True,Wooga
My Talking Hank,1164413,4.3,Casual,Everyone,0.0,True,Outfit7 Limited
MARVEL Strike Force: Squad RPG,596414,4.0,Role Playing,Teen,0.0,True,Scopely
Tile Master - Classic Triple Match & Puzzle Game,222719,4.6,Board,Everyone,0.0,True,Higgs Studio
Space Cats Pop: Bubble Shooter,16579,4.3,Puzzle,Everyone,0.0,True,Bubble Shooter @ MadOverGames
Trivia Crack 2,367655,4.4,Trivia,Everyone,0.0,True,etermax
Smashy Road: Wanted,588132,4.4,Action,Everyone,0.0,True,Bearbit Studios B.V.
Mario Kart Tour,1997414,4.2,Action,Everyone,0.0,True,"Nintendo Co., Ltd."
TFT: Teamfight Tactics,278716,4.1,Strategy,Teen,0.0,True,"Riot Games, Inc"
Cash Tornado‚Ñ¢ Slots - Casino,90772,4.4,Casino,Teen,0.0,True,Zeroo Gravity Games
Merge Plants ‚Äì Monster Defense,50475,4.6,Arcade,Everyone,0.0,True,OneSoft Global PTE. LTD.
BASEBALL 9,280558,4.5,Sports,Everyone,0.0,True,playus soft
LostMiner: Block Building & Craft Game,80507,4.5,Adventure,Everyone 10+,0.0,True,Caffetteria dev.
LEGO¬Æ Star Wars‚Ñ¢: TFA,257707,3.8,Adventure,Everyone 10+,0.0,True,Warner Bros. International Enterprises
Ancient Planet Tower Defense Offline,107358,4.5,Strategy,Everyone,0.0,True,IP Dmitri Isaenkov
Seekers Notes: Hidden Mystery,538878,4.3,Adventure,Everyone,0.0,True,MYTONA
Hidden City: Hidden Object,1074252,4.3,Adventure,Everyone,0.0,True,G5 Entertainment
9 Months,304213,4.5,Simulation,Everyone,0.0,True,Green Panda Games
Heads Up!,222673,3.5,Word,Everyone,0.0,True,Warner Bros. International Enterprises
Jumanji: Epic Run,92034,4.1,Adventure,Everyone 10+,0.0,True,Crazy Labs by TabTale
Real Cricket‚Ñ¢ 20,1270375,4.2,Sports,Everyone,0.0,True,Nautilus Mobile
Stacky Bird: Hyper Casual Flying Birdie Dash Game,75374,4.3,Casual,Everyone,0.0,True,Kooapps Games | Fun Arcade and Casual Action Games
Bubble Pop Origin! Puzzle Game,76114,4.6,Puzzle,Everyone,0.0,True,BitMango
Football Strike: Online Soccer,2198956,4.4,Sports,Everyone,0.0,True,Miniclip.com
Sonic Dash - Endless Running,5609510,4.6,Arcade,Everyone,0.0,True,SEGA
Block Craft 3DÔºöBuilding Game,2308801,4.2,Arcade,Teen,0.0,True,Fun Games For Free
Hungry Shark World,1964818,4.5,Arcade,Teen,0.0,True,Ubisoft Entertainment
Uphill Rush Horse Racing,215,4.7,Racing,Everyone,0.0,True,Spil Games
Idle Police Tycoon - Cops Game,161080,4.3,Simulation,Everyone,0.0,True,Codigames
Eyes: Scary Thriller - Creepy Horror Game,708744,4.3,Adventure,Teen,0.0,True,FEARLESS GAMES PURECKA & PABIS SP√ì≈ÅKA JAWNA
ŸÖŸÑŸÉÿ© ÿßŸÑŸÖŸàÿ∂ÿ© | ŸÑÿπÿ®ÿ© ŸÇÿµÿµ Ÿà ÿ™ŸÖÿ´ŸäŸÑ‚Äé,472223,4.7,Role Playing,Everyone,0.0,True,Tamatem Inc.
Smart Puzzles Collection,360311,4.5,Puzzle,Everyone,0.0,True,App Holdings
Warplane inc. War Simulator Warplanes WW2 Dogfight,122820,4.6,Simulation,Everyone 10+,0.0,True,–õ–æ–º–∞–∫–∏–Ω –î–º–∏—Ç—Ä–∏–π
AFK Arena,3282574,4.5,Role Playing,Everyone 10+,0.0,True,LilithGames
Age of War 2,74608,4.1,Strategy,Everyone 10+,0.0,True,Max Games Studios
Tower Defense King,151043,4.3,Strategy,Everyone,0.0,True,mobirix
My Boo: Your Virtual Pet To Care and Play Games,1019367,4.6,Casual,Everyone,0.0,True,Tapps Games
Blockman Go,2426359,4.4,Arcade,Teen,0.0,True,Blockman GO Studio
Empire Warriors: Tower Defense Offline TD Game,126228,4.5,Strategy,Everyone 10+,0.0,True,ZITGA
Battle of Warships: Naval Blitz,512374,4.4,Action,Everyone 10+,0.0,True,MobileGDC
My Cafe ‚Äî Restaurant Game. Serve & Manage,4270293,4.5,Casual,Everyone,0.0,True,Melsoft Games Ltd
Truck Simulator 2018 : Europe,876306,4.2,Simulation,Everyone,0.0,True,Zuuks Games
Thomas & Friends: Go Go Thomas,213486,4.1,Racing,Everyone,0.0,True,Budge Studios
Hill Climb Racing 2,4224889,4.4,Racing,Everyone,0.0,True,Fingersoft
Tuning Club Online Squid Game,130035,4.6,Racing,Everyone,0.0,True,Two Headed Shark
Badland Brawl,146807,4.3,Strategy,Everyone,0.0,True,Frogmind
Magic: The Gathering Arena,70023,4.3,Card,Teen,0.0,True,Wizards of the Coast LLC
My Factory Tycoon - Idle Game,232475,4.6,Simulation,Everyone,0.0,True,StormX
Cooking City: chef fever games,328906,4.6,Arcade,Everyone,0.0,True,MAGIC SEVEN
My Talking Tom Friends,2380667,4.2,Casual,Everyone,0.0,True,Outfit7 Limited
Word Search Sea: Unscramble words,336701,4.8,Word,Everyone,0.0,True,OpenMyGame
Toon Blast,3389864,4.6,Puzzle,Everyone,0.0,True,Peak
King's Choice,28197,4.3,Role Playing,Teen,0.0,True,ONEMT
Tomb of the Mask,1762409,4.4,Action,Everyone,0.0,True,Playgendary Limited
Lotsa Slots - Casino Games,366036,4.6,Casino,Teen,0.0,True,SpinX Games Limited
Smash Hit,4620339,4.6,Arcade,Everyone,0.0,True,Mediocre
Idle Heroes,964657,4.5,Role Playing,Everyone 10+,0.0,True,DHGAMES
Murder in the Alps,866353,4.3,Adventure,Teen,0.0,True,Nordcurrent
Peter Rabbit -Hidden World-,16883,4.3,Puzzle,Everyone,0.0,True,"Poppin Games Japan Co., Ltd."
Cooking Fever: Restaurant Game,4684245,4.4,Arcade,Everyone,0.0,True,Nordcurrent
Idle Construction 3D,210782,4.4,Strategy,Everyone,0.0,True,Green Panda Games
Bad 2 Bad: Extinction,74813,4.5,Role Playing,Everyone 10+,0.0,True,DAWINSTONE
Bubble Witch 2 Saga,2963429,4.5,Casual,Everyone,0.0,True,King
Catapult King,261066,4.3,Casual,Everyone 10+,0.0,True,Wicked Witch
No Limit Drag Racing 2,29970,4.4,Racing,Everyone,0.0,True,Battle Creek Games
Robbery Bob - King of Sneak,1439895,4.5,Action,Everyone 10+,0.0,True,Deca_Games
Botworld Adventure,18783,4.7,Role Playing,Everyone 10+,0.0,True,Featherweight
SOUND SHOOTING!! - Rhythm Action & 2D Shooter,2139,4.6,Music,Teen,0.0,True,EZDAEMON
Stray Cat Doors2,34068,4.6,Adventure,Everyone,0.0,True,„Éë„É´„Çπ„É¢Ê†™Âºè‰ºöÁ§æ
Bingo Land-Classic Game Online,13166,4.6,Board,Everyone,0.0,True,Spirejoy
Mahjong,3097,4.6,Board,Teen,0.0,True,mahjong solitaire
Rider,1132602,3.9,Arcade,Everyone,0.0,True,Ketchapp
Candy Crush Saga,32560655,4.6,Casual,Everyone,0.0,True,King
Jetpack Joyride,4935943,4.6,Arcade,Everyone 10+,0.0,True,Halfbrick Studios
Best Fiends - Match 3 Puzzles,2153241,4.6,Casual,Everyone,0.0,True,Seriously Digital Entertainment Ltd.
LEGO¬Æ DUPLO¬Æ WORLD - Preschool Learning Games,15155,3.8,Educational,Everyone,0.0,True,StoryToys
Hotel Frenzy: Home Design,48376,4.7,Adventure,Everyone,0.0,True,Techvision Game
Bingo Story ‚Äì Bingo Games,87761,4.4,Board,Everyone,0.0,True,Clipwire Games Inc
Beat Bop: Pop Star Clicker,69436,4.5,Music,Everyone,0.0,True,Fliptus Games
Hotel Empire TycoonÔºçIdle Game,396374,4.3,Simulation,Everyone 10+,0.0,True,Codigames
Sonic the Hedgehog‚Ñ¢ Classic,271861,4.3,Action,Everyone,0.0,True,SEGA
Bomber Friends,1270245,4.3,Action,Everyone 10+,0.0,True,Hyperkani
Brawlhalla,200155,4.4,Action,Everyone 10+,0.0,True,Ubisoft Entertainment
Plants vs. Zombies FREE,5299176,4.4,Strategy,Everyone 10+,0.0,True,ELECTRONIC ARTS
Bubble Shooter Legend,265282,4.5,Casual,Everyone,0.0,True,Bubble Joy
Drag'n'Boom,249668,4.6,Arcade,Everyone,0.0,True,ANKAMA GAMES
Solitaire TriPeaks Card Games,693481,4.5,Card,Everyone,0.0,True,"GSN Games, Inc."
Civilization war : Reign of empire,17944,4.3,Strategy,Everyone 10+,0.0,True,Clegames Inc.
Asphalt 9: Legends,2290519,4.5,Racing,Everyone 10+,0.0,True,Gameloft SE
Manor Matters,497027,4.5,Adventure,Everyone,0.0,True,Playrix
Fruit Ninja¬Æ,5414573,4.5,Arcade,Everyone,0.0,True,Halfbrick Studios
Gacha Life,3354549,4.4,Casual,Everyone,0.0,True,Lunime
Talking Tom Candy Run,139819,4.3,Arcade,Everyone,0.0,True,Outfit7 Limited
Moto Rider GO: Highway Traffic,737604,4.4,Racing,Everyone,0.0,True,T-Bull
Duskwood - Detective Story,313526,4.4,Role Playing,Teen,0.0,True,Everbyte
SLIME - ISEKAI Memories,80341,3.8,Role Playing,Teen,0.0,True,BANDAI NAMCO Entertainment Inc.
Sonic Forces - Running Battle,697171,4.4,Adventure,Everyone,0.0,True,SEGA
Wonder Merge - Magic Merging and Collecting Games,33532,4.4,Puzzle,Everyone,0.0,True,CookApps
Paint by Number Coloring Games,1516014,4.7,Board,Everyone 10+,0.0,True,Better Life - Color and Draw
Jackpot World‚Ñ¢ - Slots Casino,352343,4.6,Casino,Teen,0.0,True,SpinX Games Limited
Boxing Star,769420,4.4,Sports,Teen,0.0,True,FourThirtyThree Inc.
Cookie Run: Kingdom - Kingdom Builder & Battle RPG,608371,4.4,Role Playing,Everyone 10+,0.0,True,Devsisters Corporation
Bubble Shooter Genies,214326,4.6,Casual,Everyone,0.0,True,PUZZLEJOY
Toddler Games for 2 and 3 Year Olds,15040,3.9,Educational,Everyone,0.0,True,IDZ Digital Private Limited
Score! Hero 2022,405343,4.3,Sports,Everyone,0.0,True,First Touch Games Ltd.
Hero Factory - Idle tycoon,117233,4.5,Simulation,Everyone 10+,0.0,True,PlayHard.Lab
My Little Pony: Harmony Quest,211462,3.8,Casual,Everyone,0.0,True,Budge Studios
Beach Buggy Racing 2,485114,4.3,Racing,Everyone,0.0,True,Vector Unit
Word Craze - Trivia crossword puzzles,35758,4.5,Word,Everyone,0.0,True,Betta Games
Walking Dead: Road to Survival,609678,4.1,Role Playing,Mature 17+,0.0,True,Scopely
Word Logic. Your Trivia Puzzles,15589,4.3,Trivia,Everyone,0.0,True,Lunapp
Hunting Clash: Hunter Games,187474,4.3,Simulation,Teen,0.0,True,Ten Square Games
Idle Theme Park Tycoon - Recreation Game,307261,4.4,Simulation,Everyone,0.0,True,Codigames
Need for Speed‚Ñ¢ No Limits,4672914,4.3,Racing,Everyone 10+,0.0,True,ELECTRONIC ARTS
Wordscapes,1039754,4.6,Word,Everyone,0.0,True,PeopleFun
Wild Hunt: Hunting Games 3D,354391,4.5,Simulation,Teen,0.0,True,Ten Square Games
Smashy Road: Wanted 2,43521,4.3,Action,Everyone 10+,0.0,True,Bearbit Studios B.V.
Baseball Star,171208,4.3,Sports,Everyone,0.0,True,playus soft
Kingdom Wars - Tower Defense Game,264200,4.4,Strategy,Everyone 10+,0.0,True,Springcomes
Word Life - Connect crosswords puzzle,153280,4.2,Word,Everyone,0.0,True,Socialpoint
Spades -Batak HD Online,25823,4.3,Card,Teen,0.0,True,Alper Games
Harry Potter: Hogwarts Mystery,2397067,4.5,Adventure,Teen,0.0,True,"Jam City, Inc."
Blossom Blast Saga,1332484,4.6,Casual,Everyone,0.0,True,King
The Wild Darkness,53153,4.2,Role Playing,Everyone 10+,0.0,True,PoPeyed Inc
Imagzle Brain test & Quiz Trivia Riddle Smart game,45147,4.7,Trivia,Mature 17+,0.0,True,Stefano Solinas
Minion Rush: infinite run game,10694144,4.4,Casual,Everyone 10+,0.0,True,Gameloft SE
EverMerge: Merge 3 Puzzle,303213,4.4,Puzzle,Everyone,0.0,True,Big Fish Games
Trivia Crack,7466797,4.4,Trivia,Everyone,0.0,True,etermax
Dragons: Rise of Berk,1532254,4.5,Simulation,Everyone 10+,0.0,True,Ludia Inc.
Animal Crossing: Pocket Camp,751069,4.4,Simulation,Everyone,0.0,True,"Nintendo Co., Ltd."
My Singing Monsters,1388898,4.6,Music,Everyone,0.0,True,Big Blue Bubble
Identity V,741409,3.9,Role Playing,Teen,0.0,True,NetEase Games
Candy Crush Jelly Saga,1694047,4.5,Puzzle,Everyone,0.0,True,King
Summoner's Greed: Idle TD Hero,312295,4.8,Strategy,Everyone 10+,0.0,True,PIXIO
ARK: Survival Evolved,726215,4.0,Adventure,Teen,0.0,True,Studio Wildcard
Sherlock„ÉªHidden Object Mystery,75702,4.4,Puzzle,Everyone 10+,0.0,True,G5 Entertainment
Game of Sultans,588266,4.4,Role Playing,Teen,0.0,True,"Mechanist Internet Technologies Co., Ltd."
Pool Trickshots Billiard,2954,4.3,Sports,Everyone,0.0,True,Ilyon
DC Legends: Fight Superheroes,459639,4.1,Role Playing,Teen,0.0,True,Warner Bros. International Enterprises
My Little Pony Rainbow Runners,102855,4.0,Casual,Everyone,0.0,True,Budge Studios
The Archers 2: Stickman Game,289189,4.4,Arcade,Teen,0.0,True,BYV
My Dog - Puppy Game Pet Simulator,3919,4.1,Simulation,Everyone,0.0,True,Boltrend Games
Journeys: Interactive Series,319340,4.1,Action,Teen,0.0,True,Gameloft SE
Dino Bash - Dinosaurs v Cavemen Tower Defense Wars,111615,4.6,Strategy,Everyone 10+,0.0,True,Tilting Point
Snow White Cafe,12602,4.4,Trivia,Everyone,0.0,True,iCandy Digital
Crash Bandicoot: On the Run!,828049,4.3,Action,Everyone,0.0,True,King
RPG Toram Online - MMORPG,941341,4.5,Role Playing,Teen,0.0,True,"Asobimo, Inc."
Fun Math: master math facts in cool game!,5085,4.7,Educational,Everyone,0.0,True,SpeedyMind
Sea Port: Manage Ship Tycoon,186722,4.0,Strategy,Everyone,0.0,True,Pixel Federation Games
Infinity Mechs,2348,3.9,Card,Everyone,0.0,True,SkullStar
Merge Mania,34251,3.9,Puzzle,Everyone,0.0,True,Big Cake Group Limited
Evo Pop,140798,4.3,Puzzle,Everyone,0.0,True,ZeptoLab
Hexa Jigsaw Puzzle ¬Æ,41687,4.5,Puzzle,Everyone,0.0,True,Ilyon
Elvenar - Fantasy Kingdom,129020,4.2,Strategy,Everyone 10+,0.0,True,InnoGames GmbH
Starry Love,9992,4.1,Role Playing,Teen,0.0,True,Modo Global
My Child Lebensborn LITE,79376,4.4,Simulation,Teen,0.0,True,Sarepta Studio
Word Wars - Word Game,40807,4.3,Word,Everyone,0.0,True,PlaySimple Games
Rayman Adventures,742898,4.4,Adventure,Everyone,0.0,True,Ubisoft Entertainment
Words of Wonders: Crossword to Connect Vocabulary,2073887,4.9,Word,Everyone,0.0,True,Fugo Games
